ID,Name,Tools,Location,Certification
6080705, Max, None, None, None
150895507,James,None,None,none
579790450,Garen,Sword,a1,none
491019249,Ash,Ball,a2,none
474889272,Sans,Bone,a3,none
9787587,Klay,Screwdriver,None,none
491460774,Evan,Power Drill,a4,none
882341905,Lara,Bow,a5,none
193847562,Marcus,Hammer,b1,none
675849302,Nina,Wrench,None,none
284756193,Leo,Drill,b2,none
918273645,Maya,None,b3,none
564738291,Orion,Axe,b4,none
102938475,Zara,Knife,None,none
847362515,Hugo,Shovel,b5,none
736251948,Iris,Saw,c1,none
