Note ID,Student ID,Tool Name,Location,Note,Time,Temporary
1,150895507,none,none,Finished reviewing the assignment and left feedback.,2026-5-10 08:14:32,0
2,579790450,none,none,Checked in with the team about progress on the project.,2026-5-10 13:45:10,0
3,491019249,none,none,Need to revisit the design before final submission.,2026-5-10 18:22:47,0
4,474889272,none,none,Completed initial draft and ready for review.,2026-5-10 07:55:03,0
5,006080705,none,none,Had a discussion about improving workflow efficiency.,2026-5-10 14:09:56,0
6,491460774,none,none,Documented changes made during the last session.,2026-5-10 19:31:28,0
7,882341905,none,none,Waiting on confirmation before proceeding further.,2026-5-10 06:48:12,0
8,193847562,none,none,Updated notes to reflect the latest meeting outcomes.,2026-5-10 15:20:41,0
9,675849302,none,none,Identified a potential issue that needs attention.,2026-5-10 20:05:33,0
10,284756193,none,none,Coordinated with others to finalize the schedule.,2026-5-10 09:11:59,0
11,918273645,none,none,Made adjustments based on recent feedback.,2026-5-10 16:37:22,0
12,564738291,none,none,Prepared materials needed for the next step.,2026-5-10 21:44:08,0
13,102938475,none,none,Clarified requirements after reviewing instructions.,2026-5-10 10:26:17,0
14,847362515,none,none,Followed up on pending tasks from earlier work.,2026-5-10 17:52:49,0
15,736251948,none,none,Ensured everything aligns with project guidelines.,2026-5-10 22:13:05,0
16,150895507,none,none,Noted areas that could use further improvement.,2026-5-10 11:39:27,0
17,579790450,none,none,Completed testing and recorded the results.,2026-5-10 12:58:14,0
18,491019249,none,none,Organized files for easier access later.,2026-5-10 18:07:36,0
19,474889272,none,none,Double checked entries to confirm accuracy.,2026-5-10 07:29:51,0
20,006080705,none,none,Wrapped up remaining tasks before deadline.,2026-5-10 14:41:23,0
